{
	"updatedAt": "2016-05-30T13:07:49+00:00",
	"createdAt": "2016-05-30T13:06:13+00:00",
	"_links": {
		"self": {
			"title": "Pact",
			"name": "Pact between ExploratoryTestingGame (v7.0.0) and MapMakerApi",
			"href": "http://192.168.99.100/pacts/provider/MapMakerApi/consumer/ExploratoryTestingGame/version/7.0.0"
		},
		"pb:consumer": {
			"title": "Consumer",
			"name": "ExploratoryTestingGame",
			"href": "http://192.168.99.100/pacticipants/ExploratoryTestingGame"
		},
		"pb:provider": {
			"title": "Provider",
			"name": "MapMakerApi",
			"href": "http://192.168.99.100/pacticipants/MapMakerApi"
		},
		"pb:latest-pact-version": {
			"title": "Pact",
			"name": "Latest version of this pact",
			"href": "http://192.168.99.100/pacts/provider/MapMakerApi/consumer/ExploratoryTestingGame/latest"
		},
		"pb:previous-distinct": {
			"title": "Pact",
			"name": "Previous distinct version of this pact",
			"href": "http://192.168.99.100/pacts/provider/MapMakerApi/consumer/ExploratoryTestingGame/version/7.0.0/previous-distinct"
		},
		"pb:diff-previous-distinct": {
			"title": "Diff",
			"name": "Diff with previous distinct version of this pact",
			"href": "http://192.168.99.100/pacts/provider/MapMakerApi/consumer/ExploratoryTestingGame/version/7.0.0/diff/previous-distinct"
		},
		"pb:pact-webhooks": {
			"title": "Webhooks for the pact between ExploratoryTestingGame and MapMakerApi",
			"href": "http://192.168.99.100/webhooks/provider/MapMakerApi/consumer/ExploratoryTestingGame"
		},
		"pb:tag-prod-version": {
			"title": "Tag this version as 'production'",
			"href": "http://192.168.99.100/pacticipants/ExploratoryTestingGame/versions/7.0.0/tags/prod"
		},
		"pb:tag-version": {
			"title": "Tag version",
			"href": "http://192.168.99.100/pacticipants/ExploratoryTestingGame/versions/7.0.0/tags/{tag}"
		},
		"curies": [
			{
				"name": "pb",
				"href": "http://192.168.99.100/doc/{rel}",
				"templated": true
			}
		]
	},
	"consumer": {
		"name": "ExploratoryTestingGame"
	},
	"provider": {
		"name": "MapMakerApi"
	}
}